id,path,label
3690,wasp1\228956723_12b8ddd2a4_n.jpg,wasp
8330,other_insect\14856051180_81093447b6_n.jpg,insect
8654,other_insect\25011815108_42a534fb0b_m.jpg,insect
7344,wasp2\J00108.jpg,wasp
3533,wasp1\189283089_3d86b0df7e_w.jpg,wasp
6254,wasp2\G00302.jpg,wasp
1771,bee1\578091568_f000fdab87_n.jpg,bee
2816,bee2\P10109-127r.jpg,bee
6549,wasp2\H00202.jpg,wasp
3799,wasp1\259659476_2f2897be37_n.jpg,wasp
4458,wasp1\4472348859_f45f32ab06_m.jpg,wasp
6546,wasp2\H00199.jpg,wasp
615,bee1\25707479065_9f0d747829_n.jpg,bee
8770,other_insect\27052632471_cfe35864f5_n.jpg,insect
9100,other_insect\3346784221_eb4ef77c67_n.jpg,insect
9682,other_insect\43114386071_024e89b055_n.jpg,insect
2366,bee1\9360871841_e68af9fc2f_m.jpg,bee
2976,bee2\P25986-166r.jpg,bee
11143,other_noinsect\555493.jpg,other
4255,wasp1\37064257030_0f086a990f_m.jpg,wasp
6983,wasp2\I00242.jpg,wasp
9401,other_insect\39834164793_bf2d431cc2_n.jpg,insect
1345,bee1\41825278830_1cf6088004_m.jpg,bee
7903,wasp2\W00288.jpg,wasp
3391,wasp1\15050092182_ec0e7ef304_n.jpg,wasp
2453,bee1\9720936890_78c19fc38e_m.jpg,bee
4693,wasp1\49789124062_0cfa1c8b61_n.jpg,wasp
2370,bee1\9379340474_5f050c34ff_n.jpg,bee
4043,wasp1\31277437586_a82d31c344_n.jpg,wasp
7213,wasp2\I00472.jpg,wasp
2806,bee2\NP8973-108r.jpg,bee
10634,other_noinsect\506862.jpg,other
2931,bee2\P21541-69r.jpg,bee
4376,wasp1\40936592081_ca6791dc26_n.jpg,wasp
11391,other_noinsect\579822.jpg,other
2165,bee1\7867201420_a6137fdf74_w.jpg,bee
4932,wasp1\5995456152_8ebffe3cd2_n.jpg,wasp
3378,wasp1\14910161638_d25031f161_n.jpg,wasp
3979,wasp1\29258617242_c3d82b6c38_n.jpg,wasp
3619,wasp1\20999216130_7211962100_n.jpg,wasp
10231,other_insect\652854932_c5658b84f2_n.jpg,insect
1008,bee1\34408367586_4438d2c2e3_n.jpg,bee
4751,wasp1\5101608502_918b426baa_n.jpg,wasp
7997,wasp2\W00382.jpg,wasp
3178,bee2\P9226-113r.jpg,bee
5494,wasp2\E00123.jpg,wasp
4760,wasp1\5164444665_6c1d0fa0d8_m.jpg,wasp
5809,wasp2\F00313.jpg,wasp
4895,wasp1\5964035139_97307e67ec_m.jpg,wasp
1666,bee1\508390833_d5f26f9878_n.jpg,bee
6604,wasp2\H00257.jpg,wasp
6100,wasp2\G00148.jpg,wasp
6975,wasp2\I00234.jpg,wasp
7838,wasp2\W00223.jpg,wasp
3988,wasp1\294442800_a77e1282d4_n.jpg,wasp
6263,wasp2\G00311.jpg,wasp
1054,bee1\35145554265_f3746e4c5f_m.jpg,bee
881,bee1\3096285969_df078eec09_n.jpg,bee
9102,other_insect\3346786503_fa495bc333_w.jpg,insect
4425,wasp1\4257909878_0bb64d079c_n.jpg,wasp
8900,other_insect\28566604688_704d8f8e99_n.jpg,insect
8781,other_insect\27150254149_b6d0cbef6f_n.jpg,insect
3540,wasp1\19173731474_6328321f00_m.jpg,wasp
2251,bee1\8521248859_6b0d5579ae_n.jpg,bee
7814,wasp2\W00199.jpg,wasp
2981,bee2\P26330-177r.jpg,bee
10916,other_noinsect\534141.jpg,other
2193,bee1\8013705568_20c9242e20_n.jpg,bee
6984,wasp2\I00243.jpg,wasp
6285,wasp2\G00333.jpg,wasp
8842,other_insect\28053012_4994246a04_m.jpg,insect
6429,wasp2\H00082.jpg,wasp
6550,wasp2\H00203.jpg,wasp
9581,other_insect\41967171920_13f4d31232_n.jpg,insect
216,bee1\14670800763_bdaa177fcd_m.jpg,bee
5536,wasp2\F00040.jpg,wasp
8870,other_insect\28310645319_4cefffd62f_n.jpg,insect
7287,wasp2\J00051.jpg,wasp
9580,other_insect\41942280611_f3958dea00_n.jpg,insect
7016,wasp2\I00275.jpg,wasp
4712,wasp1\49944643666_8e237e43f6_m.jpg,wasp
2356,bee1\9216760199_10abc69800_n.jpg,bee
1170,bee1\367533682_541f2a6625_n.jpg,bee
8079,wasp2\W00464.jpg,wasp
5428,wasp2\E00057.jpg,wasp
6860,wasp2\I00119.jpg,wasp
7507,wasp2\J00271.jpg,wasp
1051,bee1\35088280404_84c0422fce_m.jpg,bee
5450,wasp2\E00079.jpg,wasp
8086,wasp2\W00471.jpg,wasp
2701,bee2\NP55021-83r.jpg,bee
8054,wasp2\W00439.jpg,wasp
1715,bee1\5522471587_1a22e76c28_w.jpg,bee
9642,other_insect\42628880560_7c14311d75_n.jpg,insect
1632,bee1\4915769677_6e6f490895_n.jpg,bee
6642,wasp2\H00295.jpg,wasp
5804,wasp2\F00308.jpg,wasp
11329,other_noinsect\572441.jpg,other
6918,wasp2\I00177.jpg,wasp
1479,bee1\44889402154_1ba6722330_n.jpg,bee
8942,other_insect\29228976918_7c38fb2975_n.jpg,insect
4997,wasp1\6256103913_e3aee01024_m.jpg,wasp
4119,wasp1\34081427366_c9ac1efb25_n.jpg,wasp
4310,wasp1\3867650163_785892da58_m.jpg,wasp
6662,wasp2\H00315.jpg,wasp
4788,wasp1\5379033953_18a5db847c_w.jpg,wasp
5145,wasp1\81254813_edd1de41d2_m.jpg,wasp
9603,other_insect\421058176_1749ede491_m.jpg,insect
1144,bee1\36532498433_c1a978de65_n.jpg,bee
6468,wasp2\H00121.jpg,wasp
10049,other_insect\536301097_575bbc4917_n.jpg,insect
9410,other_insect\39956973825_72c3ba43a6_n.jpg,insect
2807,bee2\NP9132-110r.jpg,bee
550,bee1\2364448242_aa24c577d6_n.jpg,bee
6230,wasp2\G00278.jpg,wasp
7730,wasp2\W00115.jpg,wasp
8731,other_insect\26532931316_b107b4898c_m.jpg,insect
6239,wasp2\G00287.jpg,wasp
2281,bee1\8687082616_061b59efe5_n.jpg,bee
6635,wasp2\H00288.jpg,wasp
2675,bee2\NP52738-31r.jpg,bee
3547,wasp1\194066388_081a150b17_n.jpg,wasp
10764,other_noinsect\520449.jpg,other
4789,wasp1\5379037313_3dc53df376_n.jpg,wasp
2499,bee2\NP1245-13r.jpg,bee
7303,wasp2\J00067.jpg,wasp
8536,other_insect\20433009838_b56d321e5a_n.jpg,insect
5420,wasp2\E00049.jpg,wasp
3085,bee2\P56414-106r.jpg,bee
7584,wasp2\J00348.jpg,wasp
6048,wasp2\G00096.jpg,wasp
11185,other_noinsect\559247.jpg,other
969,bee1\33210103771_4b9d36c64a_w.jpg,bee
10686,other_noinsect\513712.jpg,other
3161,bee2\P65810-250r.jpg,bee
603,bee1\25481488233_94d6ff69f0_w.jpg,bee
7620,wasp2\W00005.jpg,wasp
7074,wasp2\I00333.jpg,wasp
8260,other_insect\14304942825_6025a64eab_n.jpg,insect
10393,other_insect\7739480852_ff5bd63481_n.jpg,insect
9412,other_insect\39960741310_5e68acf39c_n.jpg,insect
11170,other_noinsect\557780.jpg,other
11375,other_noinsect\577643.jpg,other
6407,wasp2\H00060.jpg,wasp
901,bee1\31575275805_1c608c7cae_n.jpg,bee
7476,wasp2\J00240.jpg,wasp
4396,wasp1\41670178804_4e93e786df_m.jpg,wasp
6158,wasp2\G00206.jpg,wasp
2772,bee2\NP63443-215r.jpg,bee
6242,wasp2\G00290.jpg,wasp
739,bee1\28266867637_9cda9264b6_n.jpg,bee
7105,wasp2\I00364.jpg,wasp
10248,other_insect\6866777160_4461df1349_m.jpg,insect
10019,other_insect\5068034751_cba1d08bc1_m.jpg,insect
1843,bee1\5994235342_b42c4b3b55_n.jpg,bee
5594,wasp2\F00098.jpg,wasp
554,bee1\23915937825_e102178b03_w.jpg,bee
210,bee1\1460555191_b054122fe4_m.jpg,bee
5069,wasp1\7168630162_6333656108_n.jpg,wasp
7762,wasp2\W00147.jpg,wasp
8161,other_insect\11939880914_2d8ecda048_n.jpg,insect
9773,other_insect\44839055632_325c0f2961_n.jpg,insect
1865,bee1\6049085851_b8ae5cb123_m.jpg,bee
3531,wasp1\18803664411_df5b94e47e.jpg,wasp
3061,bee2\P53866-56r.jpg,bee
8281,other_insect\1446139482_b325fda0f2_n.jpg,insect
6655,wasp2\H00308.jpg,wasp
1284,bee1\39119306580_af6ea176b4_w.jpg,bee
11123,other_noinsect\553721.jpg,other
6396,wasp2\H00049.jpg,wasp
5490,wasp2\E00119.jpg,wasp
7708,wasp2\W00093.jpg,wasp
1648,bee1\503369179_8c5843fde4_m.jpg,bee
5313,wasp2\B00003.jpg,wasp
1402,bee1\42985876514_e1fe8eacba_m.jpg,bee
3447,wasp1\16179360671_979e66fa29_m.jpg,wasp
4656,wasp1\4912137243_5d2ec269b4_n.jpg,wasp
6795,wasp2\I00054.jpg,wasp
1353,bee1\42054311942_fa39592867_m.jpg,bee
5754,wasp2\F00258.jpg,wasp
2678,bee2\NP53184-37r.jpg,bee
1811,bee1\5928184831_c27d994d00_n.jpg,bee
5865,wasp2\F00369.jpg,wasp
4772,wasp1\5172864110_6fea4806e4_n.jpg,wasp
10045,other_insect\5325049883_6e0e215b29_n.jpg,insect
3928,wasp1\2827307690_9487370a0c_n.jpg,wasp
5858,wasp2\F00362.jpg,wasp
4112,wasp1\3393007221_7b2762e032_n.jpg,wasp
4021,wasp1\30493030791_9b8259536f_n.jpg,wasp
6178,wasp2\G00226.jpg,wasp
11116,other_noinsect\553083.jpg,other
10513,other_insect\9143233813_138488b67c_n.jpg,insect
6647,wasp2\H00300.jpg,wasp
3506,wasp1\1778278742_f1c239d9ae_n.jpg,wasp
1708,bee1\5503153597_ce5d6db6ae_n.jpg,bee
8104,wasp2\W00489.jpg,wasp
6391,wasp2\H00044.jpg,wasp
2094,bee1\7516019186_6ef57c5d6e_m.jpg,bee
4030,wasp1\307734832_ca28468009_n.jpg,wasp
10084,other_insect\5629523582_8c180b3b1f_n.jpg,insect
1029,bee1\34788830031_d71d6ca208_n.jpg,bee
6253,wasp2\G00301.jpg,wasp
9639,other_insect\42562461514_8df0be9806_n.jpg,insect
7523,wasp2\J00287.jpg,wasp
9449,other_insect\40378408020_077f32ed55_n.jpg,insect
379,bee1\178991993_487b7445ff_m.jpg,bee
7585,wasp2\J00349.jpg,wasp
9470,other_insect\40623099363_defe6fe03f_n.jpg,insect
378,bee1\17792621746_9d249e0275_n.jpg,bee
4869,wasp1\5846476728_5bf8d25534_n.jpg,wasp
1135,bee1\36423426805_8e997db959_w.jpg,bee
9132,other_insect\34358945393_30915c72da_n.jpg,insect
2698,bee2\NP54657-77r.jpg,bee
6793,wasp2\I00052.jpg,wasp
3580,wasp1\20241010_ed90f303bf_n.jpg,wasp
10095,other_insect\5655011273_1191b56d1f_n.jpg,insect
3674,wasp1\2241027747_f4249c4fbc_n.jpg,wasp
8988,other_insect\29912276643_6ba14c06ac_n.jpg,insect
6166,wasp2\G00214.jpg,wasp
8119,wasp2\W00504.jpg,wasp
1264,bee1\38238507661_94ba63dbfb_m.jpg,bee
9340,other_insect\38892819194_62f4039cab_n.jpg,insect
8486,other_insect\18559044209_d193a96b34_n.jpg,insect
1683,bee1\5240731854_7364e83613_n.jpg,bee
447,bee1\20004666804_a431d5224a_n.jpg,bee
363,bee1\17218390669_73e35baca0_n.jpg,bee
620,bee1\2578050618_ddc43bd83d_n.jpg,bee
6564,wasp2\H00217.jpg,wasp
6275,wasp2\G00323.jpg,wasp
5631,wasp2\F00135.jpg,wasp
4134,wasp1\3452127697_b57f041de5_n.jpg,wasp
57,bee1\1261521903_ed5af42e71_n.jpg,bee
5904,wasp2\F00408.jpg,wasp
2841,bee2\P12189-168r.jpg,bee
3147,bee2\P63866-224r.jpg,bee
4882,wasp1\5936557445_28b83538fa_w.jpg,wasp
8457,other_insect\1748638953_f6f6957899_n.jpg,insect
6768,wasp2\I00027.jpg,wasp
9839,other_insect\46153272315_ab1551e72b_n.jpg,insect
1256,bee1\38110137686_aea88d2921_n.jpg,bee
2618,bee2\NP27452-203r.jpg,bee
2552,bee2\NP1779-22r.jpg,bee
4947,wasp1\6044499401_80af8afd55_m.jpg,wasp
9890,other_insect\46732447145_78a497e2a4_n.jpg,insect
11044,other_noinsect\546401.jpg,other
9474,other_insect\40670558561_c55b50aa18_n.jpg,insect
2456,bee1\975274812_d3b8d50e29_n.jpg,bee
6853,wasp2\I00112.jpg,wasp
7033,wasp2\I00292.jpg,wasp
2462,bee1\9877585365_c01715b9cb_w.jpg,bee
11001,other_noinsect\541944.jpg,other
2260,bee1\8591224345_f78af3e2e9_n.jpg,bee
8597,other_insect\232459279_31a09cfba5_n.jpg,insect
7207,wasp2\I00466.jpg,wasp
7640,wasp2\W00025.jpg,wasp
311,bee1\15565597655_b5f442ccc7_m.jpg,bee
8441,other_insect\1710655093_2570a47481_n.jpg,insect
9829,other_insect\46153269915_60e7ed70da_n.jpg,insect
11146,other_noinsect\555743.jpg,other
5544,wasp2\F00048.jpg,wasp
5137,wasp1\7953568232_3263c8efe8_n.jpg,wasp
4780,wasp1\5292449117_77446c6f77_n.jpg,wasp
9652,other_insect\42775046452_743fd580fd_n.jpg,insect
9809,other_insect\45631712874_7ae171e877_w.jpg,insect
5850,wasp2\F00354.jpg,wasp
1271,bee1\38514571975_68fd0ce74e_n.jpg,bee
6741,wasp2\H00394.jpg,wasp
6320,wasp2\G00368.jpg,wasp
6930,wasp2\I00189.jpg,wasp
10029,other_insect\5184540036_4b8d09d6dd_n.jpg,insect
7901,wasp2\W00286.jpg,wasp
10338,other_insect\7429866020_a6ec13621d_m.jpg,insect
3254,wasp1\1289569993_fd5b885721_m.jpg,wasp
2898,bee2\P18337-2r.jpg,bee
8230,other_insect\14185361470_ab85657d91_n.jpg,insect
3482,wasp1\17002806759_107a735cb6_w.jpg,wasp
4475,wasp1\45256826_553a1f5e00_w.jpg,wasp
7713,wasp2\W00098.jpg,wasp
10185,other_insect\6061812016_aef036e373_w.jpg,insect
5558,wasp2\F00062.jpg,wasp
10883,other_noinsect\530765.jpg,other
4352,wasp1\3992376437_b9e55740b2_n.jpg,wasp
1583,bee1\4752648708_fe35135a6f_m.jpg,bee
2047,bee1\7174354191_422123dcda_w.jpg,bee
5953,wasp2\G00001.jpg,wasp
7252,wasp2\J00016.jpg,wasp
4687,wasp1\49712079347_79fce2a549_n.jpg,wasp
6002,wasp2\G00050.jpg,wasp
8115,wasp2\W00500.jpg,wasp
5467,wasp2\E00096.jpg,wasp
9934,other_insect\47403782241_934d3c7b23_n.jpg,insect
5875,wasp2\F00379.jpg,wasp
2269,bee1\8661649820_92e0faf55d_w.jpg,bee
1827,bee1\5962929312_8db63a5710_m.jpg,bee
8064,wasp2\W00449.jpg,wasp
7505,wasp2\J00269.jpg,wasp
8706,other_insect\26040195990_f9eaf1b0bf_n.jpg,insect
2968,bee2\P25099-151r.jpg,bee
3504,wasp1\17763587956_31b5e681be_n.jpg,wasp
1733,bee1\5603798488_43c6f69934_n.jpg,bee
9265,other_insect\3725911333_89ae630bcd_n.jpg,insect
10579,other_noinsect\500267.jpg,other
604,bee1\2550750083_032df82c60_n.jpg,bee
4765,wasp1\5165057226_93093ce80d_n.jpg,wasp
3718,wasp1\23837960758_5e2dbf2cb5_n.jpg,wasp
11281,other_noinsect\567838.jpg,other
1670,bee1\512160927_0b55f19052_n.jpg,bee
98,bee1\13917347914_6097b1f322_n.jpg,bee
8848,other_insect\28083906169_40343b4a96_n.jpg,insect
1776,bee1\5793038456_59a9f7ebb1_n.jpg,bee
11342,other_noinsect\574000.jpg,other
8194,other_insect\13949817639_7ce88924f0_n.jpg,insect
5656,wasp2\F00160.jpg,wasp
4761,wasp1\5164446793_0c156537c7_n.jpg,wasp
4275,wasp1\3770854264_00150d662b_m.jpg,wasp
4542,wasp1\47034576174_4cff82cb53_m.jpg,wasp
8603,other_insect\23497880242_08a40a98c5_n.jpg,insect
5219,wasp1\9164314346_6dddaa0afd_w.jpg,wasp
10690,other_noinsect\514049.jpg,other
10851,other_noinsect\527207.jpg,other
8759,other_insect\269992299_7cc5738973_n.jpg,insect
4716,wasp1\49967618332_3205683802_n.jpg,wasp
4935,wasp1\5999216259_95bb99aa32_w.jpg,wasp
7950,wasp2\W00335.jpg,wasp
2825,bee2\P11173-29r.jpg,bee
8554,other_insect\21402318951_40c2335e82_n.jpg,insect
8236,other_insect\14218101276_4dc8f3e33a_m.jpg,insect
1341,bee1\416818877_fe66fa27ab_n.jpg,bee
759,bee1\28563401952_7b40229829_n.jpg,bee
4136,wasp1\34546700951_394aab4b8f_n.jpg,wasp
519,bee1\22244317415_b5da044400_m.jpg,bee
4677,wasp1\49419088717_95994ee609_w.jpg,wasp
5956,wasp2\G00004.jpg,wasp
4201,wasp1\3596232440_c4479a3906_m.jpg,wasp
3456,wasp1\16425611474_43e1583555_n.jpg,wasp
2021,bee1\7056244627_0ed9ae32eb_n.jpg,bee
8975,other_insect\29711414968_aaa00da443_m.jpg,insect
9475,other_insect\4071694182_32f74867ea_n.jpg,insect
9718,other_insect\43726401070_aa1d9590de_w.jpg,insect
2843,bee2\P12344-172r.jpg,bee
2735,bee2\NP58262-145r.jpg,bee
5131,wasp1\7848722512_bdea5556e6_n.jpg,wasp
9467,other_insect\40594222293_aec2b0645a_n.jpg,insect
1546,bee1\4720346584_5067218c24_m.jpg,bee
2393,bee1\9461317420_55b65a266f_m.jpg,bee
5525,wasp2\F00029.jpg,wasp
3625,wasp1\21186848972_0cb6389a5c_w.jpg,wasp
8953,other_insect\2937805839_0d56dcefb4_w.jpg,insect
3088,bee2\P56585-112r.jpg,bee
424,bee1\197263363_4fdd12979a_n.jpg,bee
10115,other_insect\5759980974_ef5bfc3239_n.jpg,insect
2130,bee1\7720353274_1e277116bf_n.jpg,bee
3410,wasp1\15284875902_e071d54ee6_n.jpg,wasp
1654,bee1\505768589_cd41a7dc5c_m.jpg,bee
6274,wasp2\G00322.jpg,wasp
2060,bee1\7284403424_feb06b51e5_n.jpg,bee
4117,wasp1\340603319_e550a7dd68_w.jpg,wasp
5133,wasp1\7848727594_483b61ff86_n.jpg,wasp
705,bee1\27723767060_abf399c364_n.jpg,bee
4845,wasp1\5672367693_61be9a6208_n.jpg,wasp
2615,bee2\NP26816-192r.jpg,bee
6293,wasp2\G00341.jpg,wasp
2999,bee2\P28096-215r.jpg,bee
5910,wasp2\F00414.jpg,wasp
6812,wasp2\I00071.jpg,wasp
7131,wasp2\I00390.jpg,wasp
1444,bee1\43817190892_67a2f64b85_w.jpg,bee
10229,other_insect\651989817_cf47f100e1_n.jpg,insect
11125,other_noinsect\553812.jpg,other
8085,wasp2\W00470.jpg,wasp
6934,wasp2\I00193.jpg,wasp
2347,bee1\9119385328_f1055e0ea3_m.jpg,bee
5659,wasp2\F00163.jpg,wasp
2070,bee1\7356970680_4b0ded244c_n.jpg,bee
7246,wasp2\J00010.jpg,wasp
9307,other_insect\38150563131_61022fa616_n.jpg,insect
11352,other_noinsect\575006.jpg,other
4797,wasp1\5399442817_cda2b5b041_m.jpg,wasp
6139,wasp2\G00187.jpg,wasp
8268,other_insect\14362923312_79b705e965_n.jpg,insect
4224,wasp1\36388936203_94d8a989b2_n.jpg,wasp
4249,wasp1\36956728942_39e2e3a66d_n.jpg,wasp
3532,wasp1\18817816194_0a47c2472b_n.jpg,wasp
1772,bee1\578092038_c8784888df_n.jpg,bee
2556,bee2\NP18759-16r.jpg,bee
165,bee1\14321167902_0274b9e6d6_n.jpg,bee
493,bee1\20927043984_67d5aebd86_n.jpg,bee
41,bee1\11698983046_8a7f5dda36_n.jpg,bee
6748,wasp2\I00007.jpg,wasp
5931,wasp2\F00435.jpg,wasp
7388,wasp2\J00152.jpg,wasp
5986,wasp2\G00034.jpg,wasp
1639,bee1\495876288_d4749c2f57_n.jpg,bee
1674,bee1\5139320928_a35973bcb3_m.jpg,bee
5175,wasp1\8415295641_f5ed231c53_n.jpg,wasp
1468,bee1\44325575841_004f400bf9_n.jpg,bee
7644,wasp2\W00029.jpg,wasp
9597,other_insect\42049585574_ffca1b79cf_n.jpg,insect
10655,other_noinsect\510402.jpg,other
3679,wasp1\22562799560_3df5d58e34_m.jpg,wasp
3644,wasp1\216156749_21092f3176_n.jpg,wasp
10583,other_noinsect\500585.jpg,other
4025,wasp1\30589654838_2a94c3dbf1_n.jpg,wasp
3696,wasp1\2298365931_38503b6e8c_n.jpg,wasp
8898,other_insect\28559660608_5b6c3be447_n.jpg,insect
5717,wasp2\F00221.jpg,wasp
7435,wasp2\J00199.jpg,wasp
5899,wasp2\F00403.jpg,wasp
9090,other_insect\33398953218_c7e5920ef8_n.jpg,insect
4436,wasp1\4346318090_034e713e2a_n.jpg,wasp
10591,other_noinsect\501693.jpg,other
7802,wasp2\W00187.jpg,wasp
616,bee1\25707479065_9f0d747829_w.jpg,bee
6926,wasp2\I00185.jpg,wasp
8550,other_insect\21217497358_90012b3dde_m.jpg,insect
6205,wasp2\G00253.jpg,wasp
1082,bee1\3570831101_b8f1a21bf7_m.jpg,bee
3927,wasp1\2824728788_375dd84b1e_n.jpg,wasp
8458,other_insect\1748793955_075c48a175_n.jpg,insect
10559,other_insect\975058737_31fed4437c_n.jpg,insect
3879,wasp1\2752618729_8a6e6a255e_n.jpg,wasp
1860,bee1\6039305058_8da26dc6d8_n.jpg,bee
1849,bee1\6014671914_c7d4e4e3d7_n.jpg,bee
9015,other_insect\30856419188_76c10a1914_n.jpg,insect
4495,wasp1\4585307494_d32ace75b1_n.jpg,wasp
7339,wasp2\J00103.jpg,wasp
7011,wasp2\I00270.jpg,wasp
9398,other_insect\39820163340_3441500bbc_n.jpg,insect
9368,other_insect\39458770661_caa69fb88c_n.jpg,insect
7488,wasp2\J00252.jpg,wasp
7393,wasp2\J00157.jpg,wasp
2658,bee2\NP5150-65r.jpg,bee
9064,other_insect\32352604587_534b133fb7_n.jpg,insect
639,bee1\26347707965_48cbb4e29f_n.jpg,bee
1287,bee1\39257811795_a4aea72d10_n.jpg,bee
5565,wasp2\F00069.jpg,wasp
6379,wasp2\H00032.jpg,wasp
8276,other_insect\14432585330_239d61eeb1_n.jpg,insect
8601,other_insect\234581904_01f9e98178_n.jpg,insect
5793,wasp2\F00297.jpg,wasp
8911,other_insect\28747417987_49c92e3012_n.jpg,insect
7175,wasp2\I00434.jpg,wasp
2945,bee2\P22618-99r.jpg,bee
3483,wasp1\1706149749_d015b27096_n.jpg,wasp
6919,wasp2\I00178.jpg,wasp
2154,bee1\7845460216_2821862828_m.jpg,bee
9003,other_insect\30261584787_3c1333fff9_n.jpg,insect
2192,bee1\8013702985_5206c48f49_n.jpg,bee
7013,wasp2\I00272.jpg,wasp
10376,other_insect\7615857670_8903907724_w.jpg,insect
5022,wasp1\6659726319_0dec22bd02_n.jpg,wasp
2161,bee1\7867178634_fa8f92248b_n.jpg,bee
5915,wasp2\F00419.jpg,wasp
6781,wasp2\I00040.jpg,wasp
1987,bee1\6911283732_a4df660c32_n.jpg,bee
3244,wasp1\12475574665_ea6a9629a1_n.jpg,wasp
10447,other_insect\8248773267_6905a30e83_n.jpg,insect
587,bee1\25044024495_5c5b6f2aa9_n.jpg,bee
3663,wasp1\2207638397_487bfb799d_n.jpg,wasp
9031,other_insect\31383390683_cb615c16d4_n.jpg,insect
2274,bee1\8683162631_38322a800a_m.jpg,bee
8125,wasp2\W00510.jpg,wasp
9350,other_insect\39160290290_871b307b86_n.jpg,insect
9717,other_insect\43721975472_17f8ca21fd_n.jpg,insect
6479,wasp2\H00132.jpg,wasp
10409,other_insect\7866164566_a48f4fb032_n.jpg,insect
10463,other_insect\8524122205_5690dfd4cb_n.jpg,insect
1255,bee1\38079827034_cd85cf28a1_n.jpg,bee
7965,wasp2\W00350.jpg,wasp
4405,wasp1\418737147_521f7ad45f_m.jpg,wasp
629,bee1\2611119198_9d46b94392_n.jpg,bee
5907,wasp2\F00411.jpg,wasp
3954,wasp1\28748741138_019239015f_n.jpg,wasp
3655,wasp1\21863767818_63219931bf_n.jpg,wasp
10408,other_insect\7865574888_dec9400345_w.jpg,insect
8518,other_insect\19781552784_23017bd12d_n.jpg,insect
5957,wasp2\G00005.jpg,wasp
8322,other_insect\147590857_250ae6de37_m.jpg,insect
1188,bee1\37064262210_190e9086ef_w.jpg,bee
442,bee1\19974368056_e6e8af5695_n.jpg,bee
8886,other_insect\28411495537_f4f255e898_n.jpg,insect
5869,wasp2\F00373.jpg,wasp
9116,other_insect\338151486_2cb1581d5e_w.jpg,insect
1069,bee1\35360723725_ce9bda88b7_n.jpg,bee
8803,other_insect\27466882647_aa1fd896e6_n.jpg,insect
6527,wasp2\H00180.jpg,wasp
9197,other_insect\35251284245_12c71afb9a_n.jpg,insect
11288,other_noinsect\568156.jpg,other
6998,wasp2\I00257.jpg,wasp
6342,wasp2\G00390.jpg,wasp
7714,wasp2\W00099.jpg,wasp
7222,wasp2\I00481.jpg,wasp
2802,bee2\NP7789-102r.jpg,bee
3511,wasp1\17979391580_7e8ea8b126_w.jpg,wasp
3110,bee2\P58969-156r.jpg,bee
6632,wasp2\H00285.jpg,wasp
4414,wasp1\42234663680_92c1f5c695_n.jpg,wasp
3729,wasp1\2409186664_964911210e_n.jpg,wasp
5294,wasp1\9731060468_f431fdb8b5_n.jpg,wasp
23,bee1\1044467943_594f56bd36_n.jpg,bee
6040,wasp2\G00088.jpg,wasp
305,bee1\153570567_d25f2c6c31_n.jpg,bee
8288,other_insect\14481748085_905b6b6a50_n.jpg,insect
9252,other_insect\36955760193_d61cfe0e43_w.jpg,insect
7631,wasp2\W00016.jpg,wasp
3295,wasp1\13899158756_0e82bd60e1_m.jpg,wasp
4828,wasp1\5593264656_531e3a66c5_m.jpg,wasp
6599,wasp2\H00252.jpg,wasp
2887,bee2\P1535-9r.jpg,bee
1132,bee1\3641491409_a95813b66e_w.jpg,bee
1840,bee1\5985883834_08dd9ef8b3_n.jpg,bee
3924,wasp1\28209022326_995acce8a0_m.jpg,wasp
541,bee1\23468968398_6e157b12ff_n.jpg,bee
7355,wasp2\J00119.jpg,wasp
1159,bee1\36650829553_cabc087d5b_w.jpg,bee
7464,wasp2\J00228.jpg,wasp
4459,wasp1\4472938366_5c48a7c563_w.jpg,wasp
1854,bee1\6022917269_7be54fd926_w.jpg,bee
4200,wasp1\35921878330_ea84ae2337_n.jpg,wasp
6244,wasp2\G00292.jpg,wasp
4730,wasp1\50125817463_8a8c547f67_m.jpg,wasp
1207,bee1\37173148830_2c78e754ef_w.jpg,bee
6356,wasp2\H00009.jpg,wasp
793,bee1\29080946463_9447cf9ba8_n.jpg,bee
8309,other_insect\14616434048_d5679972e1_m.jpg,insect
942,bee1\3297699685_a46954b195_w.jpg,bee
4377,wasp1\4093923461_68e19d8d79_m.jpg,wasp
6904,wasp2\I00163.jpg,wasp
6018,wasp2\G00066.jpg,wasp
6076,wasp2\G00124.jpg,wasp
8043,wasp2\W00428.jpg,wasp
675,bee1\27117616876_a52a8d21ce_w.jpg,bee
786,bee1\28977972125_d5271c4fab_n.jpg,bee
5787,wasp2\F00291.jpg,wasp
1724,bee1\5532491151_8257571ea8_m.jpg,bee
10736,other_noinsect\518440.jpg,other
5134,wasp1\7855839214_00b869323c_n.jpg,wasp
2782,bee2\NP64239-233r.jpg,bee
10855,other_noinsect\527832.jpg,other
3024,bee2\P4501-48r.jpg,bee
2124,bee1\7699596078_1f31cb9ab2_w.jpg,bee
9387,other_insect\39742626583_ca533db968_n.jpg,insect
3806,wasp1\26139913089_7eb6374c80_w.jpg,wasp
9355,other_insect\3928705839_dd1f3ce450_n.jpg,insect
9881,other_insect\46654899422_a94884e45a_n.jpg,insect
1269,bee1\38477491381_d853e85f14_n.jpg,bee
599,bee1\2543424084_8c5f7fdee0_w.jpg,bee
235,bee1\14814994971_5a5a44a830_w.jpg,bee
10555,other_insect\9691941101_b8a0ef4e6b_n.jpg,insect
5139,wasp1\7965856524_efc5dc0c1d_n.jpg,wasp
3874,wasp1\274772557_9ea7fcbfaf_n.jpg,wasp
2236,bee1\8320955142_3ce927e7a8_m.jpg,bee
4784,wasp1\5348646412_845ac12b35_n.jpg,wasp
5073,wasp1\7191128678_5d89a7f2b1_w.jpg,wasp
8247,other_insect\14241256865_625dc800a4_n.jpg,insect
3452,wasp1\16362612983_d834fe25b1_n.jpg,wasp
9111,other_insect\33696840861_35428844a4_n.jpg,insect
9909,other_insect\47016178572_81be151c7e_m.jpg,insect
7609,wasp2\J00373.jpg,wasp
4156,wasp1\34888757332_1e174aa82c_n.jpg,wasp
10361,other_insect\7556010668_67fc4accbc_n.jpg,insect
10904,other_noinsect\532617.jpg,other
11370,other_noinsect\577087.jpg,other
10719,other_noinsect\516422.jpg,other
2495,bee2\NP12063-167r.jpg,bee
8382,other_insect\15800800694_aa3dcfc414_n.jpg,insect
10295,other_insect\7203879130_cebab0f5f7_n.jpg,insect
815,bee1\292526187_a8b5341606_n.jpg,bee
3417,wasp1\1535969079_3fbe5e34a0_m.jpg,wasp
2405,bee1\9493623850_da6cac036c_m.jpg,bee
6132,wasp2\G00180.jpg,wasp
6246,wasp2\G00294.jpg,wasp
9541,other_insect\41525027075_06ac8cf6b2_n.jpg,insect
8234,other_insect\1420637956_4595781ffb_m.jpg,insect
10128,other_insect\5853716188_2c1a7b190b_m.jpg,insect
308,bee1\15368440362_0cf1f42a32_n.jpg,bee
5599,wasp2\F00103.jpg,wasp
2606,bee2\NP25240-156r.jpg,bee
8548,other_insect\209241059_e20b8b7ffc_m.jpg,insect
2794,bee2\NP666-5r.jpg,bee
10709,other_noinsect\515742.jpg,other
3274,wasp1\1331787019_ca513a7acf_n.jpg,wasp
7795,wasp2\W00180.jpg,wasp
10771,other_noinsect\521112.jpg,other
3999,wasp1\29765414701_873bd9eb55_w.jpg,wasp
1978,bee1\6908085530_422fdc14e6_n.jpg,bee
1332,bee1\4121580105_e161b60dc8_m.jpg,bee
1455,bee1\43988613692_b13011ee45_n.jpg,bee
1507,bee1\4589102910_569559e5ba_n.jpg,bee
8746,other_insect\26826017564_e04ce4283d_w.jpg,insect
3955,wasp1\2874983771_cf9b576b63_n.jpg,wasp
10201,other_insect\6143649280_87c2b7c60a_m.jpg,insect
8540,other_insect\205970311_91afb6b270_n.jpg,insect
6138,wasp2\G00186.jpg,wasp
2082,bee1\7423723954_818d0f9883_n.jpg,bee
3650,wasp1\2174705885_77bfc742fe_n.jpg,wasp
2089,bee1\7475472152_78d33f4780_n.jpg,bee
3271,wasp1\13181154084_b8690c1102_n.jpg,wasp
10430,other_insect\8013699897_f15d67514e_n.jpg,insect
1120,bee1\36310701751_855f45989d_n.jpg,bee
7120,wasp2\I00379.jpg,wasp
175,bee1\14350118446_e2e43683fc_n.jpg,bee
7679,wasp2\W00064.jpg,wasp
4471,wasp1\4509688507_ae662cb3b4_m.jpg,wasp
8511,other_insect\196614655_e55239b68c_m.jpg,insect
2006,bee1\7003234846_f72861a9f5_n.jpg,bee
5866,wasp2\F00370.jpg,wasp
5328,wasp2\B00018.jpg,wasp
3868,wasp1\27421179412_9f2087ba71_w.jpg,wasp
1486,bee1\4544074246_5380468d24_n.jpg,bee
2817,bee2\P10154-129r.jpg,bee
10737,other_noinsect\518499.jpg,other
1515,bee1\4624080817_3db6308f4e_m.jpg,bee
4413,wasp1\4218830007_6766b7155f_w.jpg,wasp
8172,other_insect\1274451243_4bdd544d27_n.jpg,insect
1594,bee1\4765820446_b08ea30bba_n.jpg,bee
5433,wasp2\E00062.jpg,wasp
7546,wasp2\J00310.jpg,wasp
9125,other_insect\34104988733_d596377ac3_m.jpg,insect
11197,other_noinsect\560472.jpg,other
8488,other_insect\18608866645_e93a3f12c4.jpg,insect
5792,wasp2\F00296.jpg,wasp
7342,wasp2\J00106.jpg,wasp
852,bee1\30114056458_b82fe2191a_n.jpg,bee
357,bee1\17171927710_924733afe8_n.jpg,bee
7001,wasp2\I00260.jpg,wasp
5140,wasp1\8024752098_bfb818c9bf_n.jpg,wasp
3089,bee2\P56840-114r.jpg,bee
233,bee1\14813531445_53270da350_n.jpg,bee
3216,wasp1\11340740764_d9659840cd_m.jpg,wasp
10710,other_noinsect\515777.jpg,other
10574,other_noinsect\4763897178_7764cb4521_m.jpg,other
9923,other_insect\47338307142_c166796ec2_n.jpg,insect
10528,other_insect\9379391508_51d5b8799d_m.jpg,insect
3173,bee2\P832-6r.jpg,bee
2566,bee2\NP20204-42r.jpg,bee
9924,other_insect\47338307222_188ccf76fb_n.jpg,insect
902,bee1\31575275825_8dc536dc57_n.jpg,bee
904,bee1\31609429777_b9ab9d6434_n.jpg,bee
8001,wasp2\W00386.jpg,wasp
9502,other_insect\41224864870_2998d8aa4f_n.jpg,insect
6940,wasp2\I00199.jpg,wasp
5687,wasp2\F00191.jpg,wasp
3652,wasp1\21815698924_746cefe97b_n.jpg,wasp
2936,bee2\P22026-79r.jpg,bee
10699,other_noinsect\515186.jpg,other
3721,wasp1\2386961953_dcb50189e0_n.jpg,wasp
7114,wasp2\I00373.jpg,wasp
5947,wasp2\F00451.jpg,wasp
253,bee1\14916622936_f54f58fe32_m.jpg,bee
2557,bee2\NP18775-18r.jpg,bee
8948,other_insect\29300840040_244185ec22_w.jpg,insect
5381,wasp2\E00010.jpg,wasp
5994,wasp2\G00042.jpg,wasp
221,bee1\14710683850_8f2aa5cfa7_m.jpg,bee
10816,other_noinsect\523807.jpg,other
8771,other_insect\2707790910_d6e0976c8a_m.jpg,insect
8259,other_insect\14301373252_1bf148739a_w.jpg,insect
4282,wasp1\3780804300_c29d3c667c_w.jpg,wasp
5116,wasp1\7755678458_6a4ab659b5_m.jpg,wasp
6878,wasp2\I00137.jpg,wasp
6605,wasp2\H00258.jpg,wasp
6287,wasp2\G00335.jpg,wasp
10910,other_noinsect\533042.jpg,other
7139,wasp2\I00398.jpg,wasp
9385,other_insect\39717296541_d291b20678_m.jpg,insect
8454,other_insect\17399510186_51ed53ffaa_n.jpg,insect
1311,bee1\40218903035_4367644d9e_n.jpg,bee
8902,other_insect\2860635212_42be0e77f2_n.jpg,insect
7141,wasp2\I00400.jpg,wasp
9698,other_insect\43235939375_daf3d9fc52_n.jpg,insect
5601,wasp2\F00105.jpg,wasp
6010,wasp2\G00058.jpg,wasp
2871,bee2\P13570-207r.jpg,bee
3387,wasp1\15027497716_6a3c943904_n.jpg,wasp
1133,bee1\36415567674_becb31849e_n.jpg,bee
5984,wasp2\G00032.jpg,wasp
8105,wasp2\W00490.jpg,wasp
10894,other_noinsect\531831.jpg,other
691,bee1\27448987158_51d81434fa_n.jpg,bee
9663,other_insect\42877104664_5539ec01c4_n.jpg,insect
6350,wasp2\H00003.jpg,wasp
4453,wasp1\4457932660_af348053bc_n.jpg,wasp
10885,other_noinsect\530899.jpg,other
8397,other_insect\16237401757_5a311ce929_m.jpg,insect
725,bee1\28118566251_200c30ecff_m.jpg,bee
4213,wasp1\36219322764_7034d5d85f_n.jpg,wasp
3717,wasp1\23760588352_6ff615f9e3_n.jpg,wasp
8888,other_insect\28434454633_27081a626e_n.jpg,insect
1040,bee1\34942180092_0844b64592_n.jpg,bee
7578,wasp2\J00342.jpg,wasp
10897,other_noinsect\531995.jpg,other
9419,other_insect\39997644585_4af643fa6f_n.jpg,insect
11090,other_noinsect\550512.jpg,other
8113,wasp2\W00498.jpg,wasp
9735,other_insect\43999697784_6834a18529_n.jpg,insect
1584,bee1\4752649064_05ce807950_n.jpg,bee
5258,wasp1\9487057040_a714c5b3da_m.jpg,wasp
3415,wasp1\15298146487_8f57776ac9_w.jpg,wasp
3439,wasp1\160164715_447c983834_m.jpg,wasp
4069,wasp1\3262280826_9fa412ff7e_n.jpg,wasp
646,bee1\26588068_c13704e565_n.jpg,bee
2570,bee2\NP20417-50r.jpg,bee
6297,wasp2\G00345.jpg,wasp
8192,other_insect\1394197818_9d6ceb0583_n.jpg,insect
4887,wasp1\5942952389_01a5ac7ecc_m.jpg,wasp
1426,bee1\43609589064_e9bba18a91_m.jpg,bee
8998,other_insect\30172780128_1e1cc43260_n.jpg,insect
10831,other_noinsect\524981.jpg,other
4812,wasp1\54872916_7654a3a1fe_n.jpg,wasp
9303,other_insect\38118898372_1ecb830e4c_n.jpg,insect
11339,other_noinsect\573873.jpg,other
8732,other_insect\26609979518_4b3d66c6f1_n.jpg,insect
1581,bee1\4752630088_a3755cd561_n.jpg,bee
4079,wasp1\3297159019_d5d206fb7f_n.jpg,wasp
7043,wasp2\I00302.jpg,wasp
4929,wasp1\5994892597_b1c5fd0174_w.jpg,wasp
7231,wasp2\I00490.jpg,wasp
1527,bee1\4652155881_7fb15fed4b_n.jpg,bee
3104,bee2\P58262-144r.jpg,bee
196,bee1\14462772008_83781a09ac_n.jpg,bee
9981,other_insect\4866456037_b636b0d3bc_n.jpg,insect
1016,bee1\34489139953_4ea895c8ed_n.jpg,bee
6882,wasp2\I00141.jpg,wasp
7522,wasp2\J00286.jpg,wasp
9745,other_insect\44154098942_66572633cd_w.jpg,insect
7686,wasp2\W00071.jpg,wasp
2939,bee2\P22324-86r.jpg,bee
4759,wasp1\5158214058_f97608fdec_w.jpg,wasp
9175,other_insect\34925676752_04bd85403c_n.jpg,insect
7048,wasp2\I00307.jpg,wasp
5062,wasp1\701440431_e015bd7231_n.jpg,wasp
4838,wasp1\5634312016_4c6723d66c_n.jpg,wasp
7733,wasp2\W00118.jpg,wasp
9342,other_insect\38892928384_70a7d0bd0d_n.jpg,insect
4368,wasp1\40389327443_3ca1165f0d_w.jpg,wasp
7709,wasp2\W00094.jpg,wasp
7083,wasp2\I00342.jpg,wasp
758,bee1\28537725037_756b881019_n.jpg,bee
256,bee1\14936535461_a0071eef48_n.jpg,bee
9075,other_insect\32835986287_cdc180744e_m.jpg,insect
7852,wasp2\W00237.jpg,wasp
3688,wasp1\2281791495_dc14da957d_n.jpg,wasp
11054,other_noinsect\546832.jpg,other
6050,wasp2\G00098.jpg,wasp
10756,other_noinsect\519939.jpg,other
9793,other_insect\4520784201_2a81155602_w.jpg,insect
8035,wasp2\W00420.jpg,wasp
1102,bee1\35957021030_9755d34301_m.jpg,bee
3860,wasp1\2725991002_2b237e0720_n.jpg,wasp
10704,other_noinsect\515444.jpg,other
8534,other_insect\20402371671_779247492a_n.jpg,insect
9752,other_insect\44183004854_8613225b53_n.jpg,insect
2107,bee1\758730906_f4a39be395_n.jpg,bee
8967,other_insect\29565471128_7b2538f1d0_n.jpg,insect
5352,wasp2\B00042.jpg,wasp
7035,wasp2\I00294.jpg,wasp
9337,other_insect\38853407315_ec811785c3_w.jpg,insect
8150,other_insect\1100917125_327d098ba9_w.jpg,insect
5555,wasp2\F00059.jpg,wasp
10673,other_noinsect\511906.jpg,other
5825,wasp2\F00329.jpg,wasp
8578,other_insect\224104347_8629f8f720_n.jpg,insect
8298,other_insect\14542744457_79022049b0_m.jpg,insect
863,bee1\30200557858_18808cb7ae_m.jpg,bee
5282,wasp1\9640835585_8a98d8099e_n.jpg,wasp
1470,bee1\44560623_153a52352c_m.jpg,bee
2580,bee2\NP21559-72r.jpg,bee
7211,wasp2\I00470.jpg,wasp
3840,wasp1\27015112101_cd7fc67519_n.jpg,wasp
2406,bee1\9493792139_650c1ed3bb_m.jpg,bee
8583,other_insect\22650619334_be0ffb9545_m.jpg,insect
1066,bee1\35282064_e1d54888db_w.jpg,bee
2545,bee2\NP16088-253r.jpg,bee
7972,wasp2\W00357.jpg,wasp
1717,bee1\5522478683_a977a63ddf_n.jpg,bee
3944,wasp1\2858000834_4f980dda57_n.jpg,wasp
2626,bee2\NP28290-220r.jpg,bee
4762,wasp1\5165053198_d48d8a8fa0_w.jpg,wasp
669,bee1\27002540218_120072b1d0_m.jpg,bee
7363,wasp2\J00127.jpg,wasp
813,bee1\29238084378_f205843d7f_w.jpg,bee
9016,other_insect\30856419318_39b0f25184_m.jpg,insect
5082,wasp1\72955155_4f3a8974c1_n.jpg,wasp
6900,wasp2\I00159.jpg,wasp
4509,wasp1\4628379669_6e0cac670c_n.jpg,wasp
6788,wasp2\I00047.jpg,wasp
9050,other_insect\31969232_daa1418e42_m.jpg,insect
10838,other_noinsect\525709.jpg,other
10906,other_noinsect\532718.jpg,other
7026,wasp2\I00285.jpg,wasp
6838,wasp2\I00097.jpg,wasp
1097,bee1\35935792343_977eef830b_w.jpg,bee
11149,other_noinsect\555974.jpg,other
938,bee1\3297618207_b606d1a517_n.jpg,bee
1968,bee1\685678518_7a083747c0_n.jpg,bee
10298,other_insect\7220373484_3a8505a7ca_m.jpg,insect
7645,wasp2\W00030.jpg,wasp
5144,wasp1\81254775_a351ec5aa1_m.jpg,wasp
10502,other_insect\8971911058_9abc4e3546_w.jpg,insect
5465,wasp2\E00094.jpg,wasp
8232,other_insect\14196109143_f020c96610_n.jpg,insect
992,bee1\33877660694_6a2420065b_n.jpg,bee
3108,bee2\P58780-152r.jpg,bee
205,bee1\14576770334_20c4c2c6f2_n.jpg,bee
6825,wasp2\I00084.jpg,wasp
1800,bee1\5905823786_89cc83fdb5_n.jpg,bee
10210,other_insect\6172499956_eb9e15a41e_w.jpg,insect
4501,wasp1\4613682866_e89b8dd4dd_n.jpg,wasp
932,bee1\3297458843_0dfe30a8b6_n.jpg,bee
6439,wasp2\H00092.jpg,wasp
4492,wasp1\4578358447_d900535afb_n.jpg,wasp
10172,other_insect\6028848973_8cbbf03d07_n.jpg,insect
9301,other_insect\38109612095_705c9ecc6f_n.jpg,insect
7152,wasp2\I00411.jpg,wasp
8702,other_insect\25998772487_e18f9a59a3_n.jpg,insect
4109,wasp1\3381541155_2d6cbbf2a5_n.jpg,wasp
83,bee1\13815411724_4d0c56c4b1_m.jpg,bee
4753,wasp1\5128258795_c17324ef26_w.jpg,wasp
9596,other_insect\42027414644_002a8e942a_m.jpg,insect
1449,bee1\43915694044_3b938c8361_m.jpg,bee
304,bee1\15354933787_324ff54f2e_w.jpg,bee
7633,wasp2\W00018.jpg,wasp
9664,other_insect\42892616041_b75cc03ac6_n.jpg,insect
5395,wasp2\E00024.jpg,wasp
10021,other_insect\511429738_9b55cf4a9a_n.jpg,insect
2465,bee1\9938755176_0b782ede25_n.jpg,bee
6923,wasp2\I00182.jpg,wasp
6576,wasp2\H00229.jpg,wasp
6348,wasp2\H00001.jpg,wasp
11131,other_noinsect\554208.jpg,other
8348,other_insect\15083985600_cfe1093246_n.jpg,insect
10246,other_insect\6850446665_50a95dd8d5_n.jpg,insect
7457,wasp2\J00221.jpg,wasp
8987,other_insect\29905370348_546be58ce4_n.jpg,insect
400,bee1\18696969590_b2d13b69b2_n.jpg,bee
10580,other_noinsect\500316.jpg,other
2202,bee1\8043477524_237cde23b2_w.jpg,bee
2023,bee1\7057365963_21a8e1f771_n.jpg,bee
2941,bee2\P22459-90r.jpg,bee
7670,wasp2\W00055.jpg,wasp
10632,other_noinsect\506751.jpg,other
8352,other_insect\15105376819_11fe44777d_n.jpg,insect
1201,bee1\3712930982_8a6639cf78_n.jpg,bee
5970,wasp2\G00018.jpg,wasp
3764,wasp1\25022776453_5c91e65ff8_m.jpg,wasp
8159,other_insect\11655499925_8a069d7429_m.jpg,insect
7380,wasp2\J00144.jpg,wasp
6188,wasp2\G00236.jpg,wasp
8546,other_insect\208466179_cff873e7ed_w.jpg,insect
6081,wasp2\G00129.jpg,wasp
515,bee1\21682832681_959a588258_n.jpg,bee
6840,wasp2\I00099.jpg,wasp
4649,wasp1\4895592382_761e3e77c8_n.jpg,wasp
9344,other_insect\3893044651_e68611960a_n.jpg,insect
5973,wasp2\G00021.jpg,wasp
5951,wasp2\F00455.jpg,wasp
2331,bee1\8962258480_ae1405e8fc_m.jpg,bee
6977,wasp2\I00236.jpg,wasp
2768,bee2\NP63124-209r.jpg,bee
91,bee1\13870075855_8dc6d885c4_m.jpg,bee
4360,wasp1\40171073860_9067368145_n.jpg,wasp
5118,wasp1\7783792_2b8cb316cb_n.jpg,wasp
4461,wasp1\447772876_41ffa01c90_m.jpg,wasp
5981,wasp2\G00029.jpg,wasp
1232,bee1\3754859913_2806e2f64a_n.jpg,bee
10522,other_insect\9227152226_1185fffdc0_w.jpg,insect
8139,other_insect\10767639284_1814da830f_w.jpg,insect
5749,wasp2\F00253.jpg,wasp
5063,wasp1\7054933887_1afefd0851_n.jpg,wasp
1630,bee1\4880255764_d6b54aa4c4_m.jpg,bee
11100,other_noinsect\551595.jpg,other
6398,wasp2\H00051.jpg,wasp
514,bee1\21668570720_3742938d2e_m.jpg,bee
9205,other_insect\3540882863_a9a072d548_n.jpg,insect
8366,other_insect\15487599255_dd8d075e21_n.jpg,insect
8146,other_insect\10952384204_2b179791b4_n.jpg,insect
7082,wasp2\I00341.jpg,wasp
6792,wasp2\I00051.jpg,wasp
9517,other_insect\41301898721_bcfaccaf89_m.jpg,insect
1490,bee1\4551971928_0c403c845d_n.jpg,bee
7779,wasp2\W00164.jpg,wasp
6736,wasp2\H00389.jpg,wasp
4333,wasp1\393369203_0a28038b41_m.jpg,wasp
3831,wasp1\268118652_2402208f5a_n.jpg,wasp
5975,wasp2\G00023.jpg,wasp
5743,wasp2\F00247.jpg,wasp
3395,wasp1\15084168925_ddf4187ba2_n.jpg,wasp
7563,wasp2\J00327.jpg,wasp
9630,other_insect\42397035485_1d8ebe954e_n.jpg,insect
9311,other_insect\382294385_1013f57ba7_n.jpg,insect
101,bee1\13953702201_1756dd881c_w.jpg,bee
10691,other_noinsect\514071.jpg,other
6915,wasp2\I00174.jpg,wasp
4512,wasp1\4628983422_235608a455_n.jpg,wasp
1563,bee1\4751993221_64a29c871c_m.jpg,bee
3265,wasp1\1305769073_96f0543e0f_n.jpg,wasp
4577,wasp1\48115010523_e428dbc4a9_n.jpg,wasp
6333,wasp2\G00381.jpg,wasp
610,bee1\256307300_614c044971_n.jpg,bee
1047,bee1\35014442231_da8bb096c2_m.jpg,bee
6986,wasp2\I00245.jpg,wasp
10503,other_insect\8972879439_c884996ebb_n.jpg,insect
5563,wasp2\F00067.jpg,wasp
9424,other_insect\40101992830_a5aeb5d0dc_n.jpg,insect
5935,wasp2\F00439.jpg,wasp
4624,wasp1\48713291068_fa153fc0ce_n.jpg,wasp
7098,wasp2\I00357.jpg,wasp
8991,other_insect\2998279132_7102fae9d0_n.jpg,insect
6667,wasp2\H00320.jpg,wasp
1494,bee1\45580182535_1b0e048078_m.jpg,bee
8494,other_insect\19008782216_34985a3cca_n.jpg,insect
8982,other_insect\29749176197_f1d579a9ca_m.jpg,insect
7674,wasp2\W00059.jpg,wasp
1129,bee1\36414501964_d19e7c97b9_m.jpg,bee
9077,other_insect\32948411224_3c66eeb745_n.jpg,insect
4171,wasp1\3534940778_bccec81061_n.jpg,wasp
2496,bee2\NP12189-169r.jpg,bee
10405,other_insect\7827048994_f69aca4a9a_n.jpg,insect
7805,wasp2\W00190.jpg,wasp
7468,wasp2\J00232.jpg,wasp
10769,other_noinsect\521088.jpg,other
10880,other_noinsect\530650.jpg,other
4253,wasp1\3699560674_4566e69d4d_m.jpg,wasp
3588,wasp1\20410683925_f5359a8c4b_w.jpg,wasp
8431,other_insect\16845681071_be8de76ef7_n.jpg,insect
7932,wasp2\W00317.jpg,wasp
7480,wasp2\J00244.jpg,wasp
3837,wasp1\26971266534_5eb3983c7b_m.jpg,wasp
3238,wasp1\1242280751_d0e3e6af0d_w.jpg,wasp
10242,other_insect\6821784185_a7f22c0f13_n.jpg,insect
6869,wasp2\I00128.jpg,wasp
8891,other_insect\28463384057_fee1c2728f_n.jpg,insect
1052,bee1\35135806643_ae4e1ed512_n.jpg,bee
354,bee1\17115873798_c99b34b755_m.jpg,bee
6751,wasp2\I00010.jpg,wasp
8993,other_insect\29991045713_fdac7f7a41_n.jpg,insect
9370,other_insect\39464191382_6a0a7e590e_n.jpg,insect
9761,other_insect\44568973051_8778381c56_n.jpg,insect
553,bee1\23915931925_46b40d3be8_w.jpg,bee
9082,other_insect\33097731123_63fb60f4d0_n.jpg,insect
3866,wasp1\27405520510_3b7586cff5_n.jpg,wasp
8935,other_insect\29157487911_3b40f85b7b_n.jpg,insect
10614,other_noinsect\504341.jpg,other
3784,wasp1\256220148_c5725ced57_m.jpg,wasp
5836,wasp2\F00340.jpg,wasp
8019,wasp2\W00404.jpg,wasp
4642,wasp1\4894995849_2ed04ac0ea_n.jpg,wasp
6810,wasp2\I00069.jpg,wasp
951,bee1\3298427310_7a182781e7_n.jpg,bee
2755,bee2\NP6113-77r.jpg,bee
7487,wasp2\J00251.jpg,wasp
2267,bee1\8652064898_6703e5076a_n.jpg,bee
3326,wasp1\14340891427_bd6ffbf5ab_n.jpg,wasp
7728,wasp2\W00113.jpg,wasp
4638,wasp1\489290488_4ad5090d0e_n.jpg,wasp
5191,wasp1\8647029162_ea18d2622b_n.jpg,wasp
7156,wasp2\I00415.jpg,wasp
11413,other_noinsect\581277.jpg,other
4615,wasp1\4862690221_ddc6d0580e_n.jpg,wasp
9558,other_insect\41729552511_dc8dc34d40_n.jpg,insect
412,bee1\19187826754_ed55a89a8d_n.jpg,bee
1190,bee1\37064277130_9ee0a96704_n.jpg,bee
9005,other_insect\30399592020_5ea61364fa_n.jpg,insect
9692,other_insect\4315206713_14f0a890bd_n.jpg,insect
5853,wasp2\F00357.jpg,wasp
6683,wasp2\H00336.jpg,wasp
11017,other_noinsect\543389.jpg,other
10787,other_noinsect\521953.jpg,other
4409,wasp1\42096455_583cddb048_m.jpg,wasp
5188,wasp1\8634188151_3630a85fc9_m.jpg,wasp
6714,wasp2\H00367.jpg,wasp
10781,other_noinsect\521709.jpg,other
2966,bee2\P24981-147r.jpg,bee
7986,wasp2\W00371.jpg,wasp
7865,wasp2\W00250.jpg,wasp
9986,other_insect\4890888152_57004a5960_w.jpg,insect
8527,other_insect\20064183333_4af9ed73d2_n.jpg,insect
3287,wasp1\1374197547_e8dff1be16_n.jpg,wasp
3838,wasp1\27015069721_ee0ca38f05_n.jpg,wasp
3293,wasp1\13856654883_10b2c0afc6_n.jpg,wasp
6424,wasp2\H00077.jpg,wasp
6603,wasp2\H00256.jpg,wasp
11377,other_noinsect\577847.jpg,other
7898,wasp2\W00283.jpg,wasp
687,bee1\27381461515_2345effa44_n.jpg,bee
11215,other_noinsect\561613.jpg,other
4689,wasp1\4975925190_a10d206703_n.jpg,wasp
11175,other_noinsect\558194.jpg,other
1740,bee1\5624953454_bab4a96665_m.jpg,bee
10656,other_noinsect\510519.jpg,other
6146,wasp2\G00194.jpg,wasp
10236,other_insect\6670655365_833ac85c4f_n.jpg,insect
4205,wasp1\3605953663_f6e9364af9_m.jpg,wasp
10135,other_insect\5900028627_573768f01a_n.jpg,insect
10109,other_insect\5740011013_af510f581b_n.jpg,insect
319,bee1\15989329971_e8b3c1a31a_n.jpg,bee
3121,bee2\P60035-178r.jpg,bee
3957,wasp1\2880144531_cb7c6ab4f2_n.jpg,wasp
11314,other_noinsect\571443.jpg,other
29,bee1\10767993123_11165835f0_n.jpg,bee
4714,wasp1\4996029424_5636a61b19_n.jpg,wasp
7677,wasp2\W00062.jpg,wasp
11242,other_noinsect\564280.jpg,other
9046,other_insect\3183538971_45080365d6_m.jpg,insect
9851,other_insect\4619331214_0d32c9bcd3_m.jpg,insect
4535,wasp1\4674397968_fbd01c38b5_n.jpg,wasp
3893,wasp1\27698585318_8514816782_w.jpg,wasp
1125,bee1\36337740564_af226bc302_n.jpg,bee
7963,wasp2\W00348.jpg,wasp
9097,other_insect\33437793218_e173987ae5_n.jpg,insect
962,bee1\3298528384_5f6dc2cf4f_n.jpg,bee
6640,wasp2\H00293.jpg,wasp
5372,wasp2\E00001.jpg,wasp
6420,wasp2\H00073.jpg,wasp
9364,other_insect\39427720702_f06cfbc231_n.jpg,insect
5170,wasp1\8382337370_a3fd6d38ed_n.jpg,wasp
8684,other_insect\25624316138_baaaba8ede_m.jpg,insect
1790,bee1\5865135252_3f7c12a988_n.jpg,bee
1279,bee1\388788415_0393f33ee5_w.jpg,bee
1227,bee1\37430772535_ca00544ccd_m.jpg,bee
6556,wasp2\H00209.jpg,wasp
2046,bee1\7174354191_422123dcda_n.jpg,bee
3230,wasp1\121036286_0d84af34e9_n.jpg,wasp
2200,bee1\8031867904_57412273dd_m.jpg,bee
2255,bee1\8525978023_0899af32ff_n.jpg,bee
10471,other_insect\8638581847_24711a8508_w.jpg,insect
1302,bee1\399856935_ff94ed6016_n.jpg,bee
818,bee1\29301241636_806f76707b_n.jpg,bee
3279,wasp1\1348950128_3da4f9ba0c_m.jpg,wasp
7054,wasp2\I00313.jpg,wasp
473,bee1\20627207655_deb64b996c_w.jpg,bee
1794,bee1\5891333783_05e9a3cb1e_n.jpg,bee
8582,other_insect\2261543638_67419b89f9_n.jpg,insect
4400,wasp1\4181006545_8ab85f8421_m.jpg,wasp
9248,other_insect\36877711703_8b1da4538a_w.jpg,insect
2546,bee2\NP16527-255r.jpg,bee
5753,wasp2\F00257.jpg,wasp
7548,wasp2\J00312.jpg,wasp
5391,wasp2\E00020.jpg,wasp
8657,other_insect\2510539282_0403aa2e1a_n.jpg,insect
4415,wasp1\42235171524_9908d3f14a_n.jpg,wasp
7473,wasp2\J00237.jpg,wasp
5775,wasp2\F00279.jpg,wasp
3036,bee2\P52209-8r.jpg,bee
7095,wasp2\I00354.jpg,wasp
2284,bee1\8703250780_4be07361a2_n.jpg,bee
7073,wasp2\I00332.jpg,wasp
1395,bee1\4283836970_64852c8f8e_n.jpg,bee
10975,other_noinsect\539265.jpg,other
9742,other_insect\44096497135_839de1401e_w.jpg,insect
2122,bee1\7690668814_4c5aa8695e_n.jpg,bee
9783,other_insect\45001439461_6aaca2297d_n.jpg,insect
7945,wasp2\W00330.jpg,wasp
8401,other_insect\16302191110_9ee4af60dd_n.jpg,insect
2845,bee2\P12383-38r.jpg,bee
3068,bee2\P54249-70r.jpg,bee
11319,other_noinsect\571920.jpg,other
313,bee1\15623977185_f6db0b810b_n.jpg,bee
864,bee1\30212447_bcd5e2d0e8_m.jpg,bee
2571,bee2\NP20472-52r.jpg,bee
7734,wasp2\W00119.jpg,wasp
8053,wasp2\W00438.jpg,wasp
9529,other_insect\4139443913_c0c0747001_w.jpg,insect
6157,wasp2\G00205.jpg,wasp
11240,other_noinsect\564264.jpg,other
5502,wasp2\F00006.jpg,wasp
8404,other_insect\16358803455_878007c434_n.jpg,insect
1285,bee1\3913263177_7e21277795_n.jpg,bee
10891,other_noinsect\531313.jpg,other
2582,bee2\NP21808-78r.jpg,bee
6886,wasp2\I00145.jpg,wasp
10422,other_insect\7978793772_b877b1dd64_n.jpg,insect
9215,other_insect\36120315773_0430764397_n.jpg,insect
1158,bee1\36650829553_cabc087d5b_n.jpg,bee
1808,bee1\5924355580_1f4fb9b01f_n.jpg,bee
7433,wasp2\J00197.jpg,wasp
4382,wasp1\4122563987_f72bd48e4f_w.jpg,wasp
6553,wasp2\H00206.jpg,wasp
2688,bee2\NP53866-57r.jpg,bee
6426,wasp2\H00079.jpg,wasp
7549,wasp2\J00313.jpg,wasp
8218,other_insect\14099747988_874b893ac8_n.jpg,insect
6345,wasp2\G00393.jpg,wasp
4044,wasp1\3141108016_c5a051d8d1_n.jpg,wasp
3080,bee2\P55845-94r.jpg,bee
5708,wasp2\F00212.jpg,wasp
7569,wasp2\J00333.jpg,wasp
7198,wasp2\I00457.jpg,wasp
8845,other_insect\280789787_7a24f16908_n.jpg,insect
10014,other_insect\5052356989_e7306ddd3e_n.jpg,insect
10689,other_noinsect\513900.jpg,other
392,bee1\18411018399_7c0c4700e2_n.jpg,bee
4971,wasp1\6104211352_8d79147de6_m.jpg,wasp
3398,wasp1\15097748925_9e3343299c_m.jpg,wasp
8207,other_insect\14061907619_07e9c1545f_n.jpg,insect
10303,other_insect\7244013200_611482b744_w.jpg,insect
11414,other_noinsect\581451.jpg,other
6631,wasp2\H00284.jpg,wasp
7539,wasp2\J00303.jpg,wasp
6185,wasp2\G00233.jpg,wasp
7375,wasp2\J00139.jpg,wasp
3757,wasp1\2486467760_b2ec4299fc_m.jpg,wasp
9803,other_insect\4546985972_77514099b1_m.jpg,insect
4190,wasp1\35598914525_758eed0fd7_m.jpg,wasp
7895,wasp2\W00280.jpg,wasp
11253,other_noinsect\565341.jpg,other
8919,other_insect\28905232218_f7f4472755_n.jpg,insect
7330,wasp2\J00094.jpg,wasp
4617,wasp1\48650121226_d294a39f01_n.jpg,wasp
3548,wasp1\19437736754_8601777877_w.jpg,wasp
6566,wasp2\H00219.jpg,wasp
7441,wasp2\J00205.jpg,wasp
10637,other_noinsect\507252.jpg,other
6729,wasp2\H00382.jpg,wasp
3486,wasp1\17078181309_4e85e09f2c_n.jpg,wasp
9806,other_insect\4557869636_94741c5100_n.jpg,insect
1489,bee1\45502481772_3caa75361c_n.jpg,bee
10523,other_insect\9285579327_d66dcf592e_w.jpg,insect
4151,wasp1\3484638799_e936035ff2_n.jpg,wasp
6466,wasp2\H00119.jpg,wasp
9065,other_insect\3235305007_1643942ec4_n.jpg,insect
11187,other_noinsect\559382.jpg,other
3747,wasp1\24524551807_a70501a101_w.jpg,wasp
3470,wasp1\16643611836_c516c15242_w.jpg,wasp
9041,other_insect\31747272494_25476db1d8_n.jpg,insect
3818,wasp1\26470852053_4091bcb5c1_m.jpg,wasp
3462,wasp1\164785263_14712b3d91_n.jpg,wasp
4027,wasp1\30722907_68447fab09_n.jpg,wasp
7555,wasp2\J00319.jpg,wasp
8285,other_insect\14478379661_d33d843a58_n.jpg,insect
9456,other_insect\40484251025_67f3503d48_n.jpg,insect
8849,other_insect\28085593049_59dd34d182_w.jpg,insect
9384,other_insect\39717296421_6a1041896c_n.jpg,insect
1621,bee1\4832925194_3e5a0a49cb_m.jpg,bee
5296,wasp1\9757900266_81e753a97b_n.jpg,wasp
4704,wasp1\49901916776_46af7306a2_m.jpg,wasp
7760,wasp2\W00145.jpg,wasp
3626,wasp1\2119734185_9b19b7e35a_m.jpg,wasp
3833,wasp1\26861732_aeff05170a_n.jpg,wasp
9704,other_insect\43353668045_89af2d5c72_n.jpg,insect
711,bee1\2779403818_fddfe53b2b_m.jpg,bee
